{
	"credit": "Made with Blockbench",
	"textures": {
		"0": "custom/rgbsheet1",
		"1": "custom/sabers/blades/iron",
		"particle": "custom/rgbsheet1"
	},
	"elements": [
		{
			"name": "hexadecagon",
			"from": [7.71357, 0.70297, 6.56],
			"to": [8.28643, 2.59, 9.44],
			"rotation": {"angle": -45, "axis": "y", "origin": [8, 0.79297, 8]},
			"faces": {
				"north": {"uv": [2, 7, 1, 8], "texture": "#0"},
				"east": {"uv": [2, 7, 1, 8], "texture": "#0"},
				"south": {"uv": [2, 7, 1, 8], "texture": "#0"},
				"west": {"uv": [2, 7, 1, 8], "texture": "#0"},
				"up": {"uv": [2, 7, 1, 8], "texture": "#0"},
				"down": {"uv": [2, 7, 1, 8], "texture": "#0"}
			}
		},
		{
			"name": "hexadecagon",
			"from": [7.71357, 0.70297, 6.56],
			"to": [8.28643, 2.59, 9.44],
			"rotation": {"angle": -22.5, "axis": "y", "origin": [8, 0.79297, 8]},
			"faces": {
				"north": {"uv": [2, 7, 1, 8], "texture": "#0"},
				"east": {"uv": [2, 7, 1, 8], "texture": "#0"},
				"south": {"uv": [2, 7, 1, 8], "texture": "#0"},
				"west": {"uv": [2, 7, 1, 8], "texture": "#0"},
				"up": {"uv": [2, 7, 1, 8], "texture": "#0"},
				"down": {"uv": [2, 7, 1, 8], "texture": "#0"}
			}
		},
		{
			"name": "hexadecagon",
			"from": [7.71357, 0.70297, 6.56],
			"to": [8.28643, 2.59, 9.44],
			"rotation": {"angle": 0, "axis": "y", "origin": [8, 0.79297, 8]},
			"faces": {
				"north": {"uv": [2, 7, 1, 8], "texture": "#0"},
				"east": {"uv": [2, 7, 1, 8], "texture": "#0"},
				"south": {"uv": [2, 7, 1, 8], "texture": "#0"},
				"west": {"uv": [2, 7, 1, 8], "texture": "#0"},
				"up": {"uv": [2, 7, 1, 8], "texture": "#0"},
				"down": {"uv": [2, 7, 1, 8], "texture": "#0"}
			}
		},
		{
			"name": "hexadecagon",
			"from": [7.51357, 1.66391, 6.56],
			"to": [8.48643, 3.55094, 8.19781],
			"rotation": {"angle": 45, "axis": "x", "origin": [8, 2.60742, 7.37891]},
			"faces": {
				"north": {"uv": [2, 7, 1, 8], "texture": "#0"},
				"east": {"uv": [2, 7, 1, 8], "texture": "#0"},
				"south": {"uv": [2, 7, 1, 8], "texture": "#0"},
				"west": {"uv": [2, 7, 1, 8], "texture": "#0"},
				"up": {"uv": [2, 7, 1, 8], "texture": "#0"},
				"down": {"uv": [2, 7, 1, 8], "texture": "#0"}
			}
		},
		{
			"name": "hexadecagon",
			"from": [7.82172, 1.66391, 7.52528],
			"to": [9.45953, 3.55094, 8.49815],
			"rotation": {"angle": 45, "axis": "z", "origin": [8.64063, 2.60742, 8.01172]},
			"faces": {
				"north": {"uv": [2, 7, 1, 8], "texture": "#0"},
				"east": {"uv": [2, 7, 1, 8], "texture": "#0"},
				"south": {"uv": [2, 7, 1, 8], "texture": "#0"},
				"west": {"uv": [2, 7, 1, 8], "texture": "#0"},
				"up": {"uv": [2, 7, 1, 8], "texture": "#0"},
				"down": {"uv": [2, 7, 1, 8], "texture": "#0"}
			}
		},
		{
			"name": "hexadecagon",
			"from": [7.51357, 1.66391, 7.80219],
			"to": [8.48643, 3.55094, 9.44],
			"rotation": {"angle": -45, "axis": "x", "origin": [8, 2.60742, 8.62109]},
			"faces": {
				"north": {"uv": [2, 7, 1, 8], "texture": "#0"},
				"east": {"uv": [2, 7, 1, 8], "texture": "#0"},
				"south": {"uv": [2, 7, 1, 8], "texture": "#0"},
				"west": {"uv": [2, 7, 1, 8], "texture": "#0"},
				"up": {"uv": [2, 7, 1, 8], "texture": "#0"},
				"down": {"uv": [2, 7, 1, 8], "texture": "#0"}
			}
		},
		{
			"name": "hexadecagon",
			"from": [6.57953, 1.66391, 7.52528],
			"to": [8.21734, 3.55094, 8.49815],
			"rotation": {"angle": -45, "axis": "z", "origin": [7.39844, 2.60742, 8.01172]},
			"faces": {
				"north": {"uv": [2, 7, 1, 8], "texture": "#0"},
				"east": {"uv": [2, 7, 1, 8], "texture": "#0"},
				"south": {"uv": [2, 7, 1, 8], "texture": "#0"},
				"west": {"uv": [2, 7, 1, 8], "texture": "#0"},
				"up": {"uv": [2, 7, 1, 8], "texture": "#0"},
				"down": {"uv": [2, 7, 1, 8], "texture": "#0"}
			}
		},
		{
			"name": "hexadecagon",
			"from": [7.51357, 1.1791, 6.13255],
			"to": [8.48643, 2.51926, 7.77045],
			"rotation": {"angle": 0, "axis": "x", "origin": [8, 1.57617, 6.95313]},
			"faces": {
				"north": {"uv": [2, 7, 1, 8], "texture": "#0"},
				"east": {"uv": [2, 7, 1, 8], "texture": "#0"},
				"south": {"uv": [2, 7, 1, 8], "texture": "#0"},
				"west": {"uv": [2, 7, 1, 8], "texture": "#0"},
				"up": {"uv": [2, 7, 1, 8], "texture": "#0"},
				"down": {"uv": [2, 7, 1, 8], "texture": "#0"}
			}
		},
		{
			"name": "hexadecagon",
			"from": [8.24908, 1.1791, 7.52528],
			"to": [9.88698, 2.51926, 8.49815],
			"rotation": {"angle": 0, "axis": "x", "origin": [9.06641, 1.57617, 8.01172]},
			"faces": {
				"north": {"uv": [2, 7, 1, 8], "texture": "#0"},
				"east": {"uv": [2, 7, 1, 8], "texture": "#0"},
				"south": {"uv": [2, 7, 1, 8], "texture": "#0"},
				"west": {"uv": [2, 7, 1, 8], "texture": "#0"},
				"up": {"uv": [2, 7, 1, 8], "texture": "#0"},
				"down": {"uv": [2, 7, 1, 8], "texture": "#0"}
			}
		},
		{
			"name": "hexadecagon",
			"from": [7.51357, 1.1791, 8.22955],
			"to": [8.48643, 2.51926, 9.86745],
			"rotation": {"angle": 0, "axis": "x", "origin": [8, 1.57617, 9.04688]},
			"faces": {
				"north": {"uv": [2, 7, 1, 8], "texture": "#0"},
				"east": {"uv": [2, 7, 1, 8], "texture": "#0"},
				"south": {"uv": [2, 7, 1, 8], "texture": "#0"},
				"west": {"uv": [2, 7, 1, 8], "texture": "#0"},
				"up": {"uv": [2, 7, 1, 8], "texture": "#0"},
				"down": {"uv": [2, 7, 1, 8], "texture": "#0"}
			}
		},
		{
			"name": "hexadecagon",
			"from": [6.15208, 1.1791, 7.52528],
			"to": [7.78998, 2.51926, 8.49815],
			"rotation": {"angle": 0, "axis": "x", "origin": [6.97266, 1.57617, 8.01172]},
			"faces": {
				"north": {"uv": [2, 7, 1, 8], "texture": "#0"},
				"east": {"uv": [2, 7, 1, 8], "texture": "#0"},
				"south": {"uv": [2, 7, 1, 8], "texture": "#0"},
				"west": {"uv": [2, 7, 1, 8], "texture": "#0"},
				"up": {"uv": [2, 7, 1, 8], "texture": "#0"},
				"down": {"uv": [2, 7, 1, 8], "texture": "#0"}
			}
		},
		{
			"name": "hexadecagon",
			"from": [7.71357, 0.70297, 6.56],
			"to": [8.28643, 2.59, 9.44],
			"rotation": {"angle": 22.5, "axis": "y", "origin": [8, 0.79297, 8]},
			"faces": {
				"north": {"uv": [2, 7, 1, 8], "texture": "#0"},
				"east": {"uv": [2, 7, 1, 8], "texture": "#0"},
				"south": {"uv": [2, 7, 1, 8], "texture": "#0"},
				"west": {"uv": [2, 7, 1, 8], "texture": "#0"},
				"up": {"uv": [2, 7, 1, 8], "texture": "#0"},
				"down": {"uv": [2, 7, 1, 8], "texture": "#0"}
			}
		},
		{
			"name": "hexadecagon",
			"from": [7.71357, 0.70297, 6.56],
			"to": [8.28643, 2.59, 9.44],
			"rotation": {"angle": 45, "axis": "y", "origin": [8, 0.79297, 8]},
			"faces": {
				"north": {"uv": [2, 7, 1, 8], "texture": "#0"},
				"east": {"uv": [2, 7, 1, 8], "texture": "#0"},
				"south": {"uv": [2, 7, 1, 8], "texture": "#0"},
				"west": {"uv": [2, 7, 1, 8], "texture": "#0"},
				"up": {"uv": [2, 7, 1, 8], "texture": "#0"},
				"down": {"uv": [2, 7, 1, 8], "texture": "#0"}
			}
		},
		{
			"name": "hexadecagon",
			"from": [6.56, 0.70297, 7.71357],
			"to": [9.44, 2.59, 8.28643],
			"rotation": {"angle": -22.5, "axis": "y", "origin": [8, 0.79297, 8]},
			"faces": {
				"north": {"uv": [2, 7, 1, 8], "texture": "#0"},
				"east": {"uv": [2, 7, 1, 8], "texture": "#0"},
				"south": {"uv": [2, 7, 1, 8], "texture": "#0"},
				"west": {"uv": [2, 7, 1, 8], "texture": "#0"},
				"up": {"uv": [2, 7, 1, 8], "texture": "#0"},
				"down": {"uv": [2, 7, 1, 8], "texture": "#0"}
			}
		},
		{
			"name": "hexadecagon",
			"from": [6.56, 0.70297, 7.71357],
			"to": [9.44, 2.59, 8.28643],
			"rotation": {"angle": 0, "axis": "y", "origin": [8, 0.79297, 8]},
			"faces": {
				"north": {"uv": [2, 7, 1, 8], "texture": "#0"},
				"east": {"uv": [2, 7, 1, 8], "texture": "#0"},
				"south": {"uv": [2, 7, 1, 8], "texture": "#0"},
				"west": {"uv": [2, 7, 1, 8], "texture": "#0"},
				"up": {"uv": [2, 7, 1, 8], "texture": "#0"},
				"down": {"uv": [2, 7, 1, 8], "texture": "#0"}
			}
		},
		{
			"name": "hexadecagon",
			"from": [6.56, 0.70297, 7.71357],
			"to": [9.44, 2.59, 8.28643],
			"rotation": {"angle": 22.5, "axis": "y", "origin": [8, 0.79297, 8]},
			"faces": {
				"north": {"uv": [2, 7, 1, 8], "texture": "#0"},
				"east": {"uv": [2, 7, 1, 8], "texture": "#0"},
				"south": {"uv": [2, 7, 1, 8], "texture": "#0"},
				"west": {"uv": [2, 7, 1, 8], "texture": "#0"},
				"up": {"uv": [2, 7, 1, 8], "texture": "#0"},
				"down": {"uv": [2, 7, 1, 8], "texture": "#0"}
			}
		},
		{
			"name": "hexadecagon",
			"from": [7.81439, 2.51165, 7.06688],
			"to": [8.18561, 9.58991, 8.93312],
			"rotation": {"angle": -45, "axis": "y", "origin": [8, 2.56997, 8]},
			"faces": {
				"north": {"uv": [2, 7, 1, 8], "texture": "#0"},
				"east": {"uv": [2, 7, 1, 8], "texture": "#0"},
				"south": {"uv": [2, 7, 1, 8], "texture": "#0"},
				"west": {"uv": [2, 7, 1, 8], "texture": "#0"},
				"up": {"uv": [2, 7, 1, 8], "texture": "#0"},
				"down": {"uv": [2, 7, 1, 8], "texture": "#0"}
			}
		},
		{
			"name": "hexadecagon",
			"from": [7.81439, 2.51165, 7.06688],
			"to": [8.18561, 9.58991, 8.93312],
			"rotation": {"angle": -22.5, "axis": "y", "origin": [8, 2.56997, 8]},
			"faces": {
				"north": {"uv": [2, 7, 1, 8], "texture": "#0"},
				"east": {"uv": [2, 7, 1, 8], "texture": "#0"},
				"south": {"uv": [2, 7, 1, 8], "texture": "#0"},
				"west": {"uv": [2, 7, 1, 8], "texture": "#0"},
				"up": {"uv": [2, 7, 1, 8], "texture": "#0"},
				"down": {"uv": [2, 7, 1, 8], "texture": "#0"}
			}
		},
		{
			"name": "hexadecagon",
			"from": [7.81439, 2.51165, 7.06688],
			"to": [8.18561, 9.58991, 8.93312],
			"rotation": {"angle": 0, "axis": "y", "origin": [8, 2.56997, 8]},
			"faces": {
				"north": {"uv": [2, 7, 1, 8], "texture": "#0"},
				"east": {"uv": [2, 7, 1, 8], "texture": "#0"},
				"south": {"uv": [2, 7, 1, 8], "texture": "#0"},
				"west": {"uv": [2, 7, 1, 8], "texture": "#0"},
				"up": {"uv": [2, 7, 1, 8], "texture": "#0"},
				"down": {"uv": [2, 7, 1, 8], "texture": "#0"}
			}
		},
		{
			"name": "hexadecagon",
			"from": [7.81439, 2.51165, 7.06688],
			"to": [8.18561, 9.58991, 8.93312],
			"rotation": {"angle": 22.5, "axis": "y", "origin": [8, 2.56997, 8]},
			"faces": {
				"north": {"uv": [2, 7, 1, 8], "texture": "#0"},
				"east": {"uv": [2, 7, 1, 8], "texture": "#0"},
				"south": {"uv": [2, 7, 1, 8], "texture": "#0"},
				"west": {"uv": [2, 7, 1, 8], "texture": "#0"},
				"up": {"uv": [2, 7, 1, 8], "texture": "#0"},
				"down": {"uv": [2, 7, 1, 8], "texture": "#0"}
			}
		},
		{
			"name": "hexadecagon",
			"from": [7.81439, 2.51165, 7.06688],
			"to": [8.18561, 9.58991, 8.93312],
			"rotation": {"angle": 45, "axis": "y", "origin": [8, 2.56997, 8]},
			"faces": {
				"north": {"uv": [2, 7, 1, 8], "texture": "#0"},
				"east": {"uv": [2, 7, 1, 8], "texture": "#0"},
				"south": {"uv": [2, 7, 1, 8], "texture": "#0"},
				"west": {"uv": [2, 7, 1, 8], "texture": "#0"},
				"up": {"uv": [2, 7, 1, 8], "texture": "#0"},
				"down": {"uv": [2, 7, 1, 8], "texture": "#0"}
			}
		},
		{
			"name": "hexadecagon",
			"from": [7.06688, 2.51165, 7.81439],
			"to": [8.93312, 9.58991, 8.18561],
			"rotation": {"angle": -22.5, "axis": "y", "origin": [8, 2.56997, 8]},
			"faces": {
				"north": {"uv": [2, 7, 1, 8], "texture": "#0"},
				"east": {"uv": [2, 7, 1, 8], "texture": "#0"},
				"south": {"uv": [2, 7, 1, 8], "texture": "#0"},
				"west": {"uv": [2, 7, 1, 8], "texture": "#0"},
				"up": {"uv": [2, 7, 1, 8], "texture": "#0"},
				"down": {"uv": [2, 7, 1, 8], "texture": "#0"}
			}
		},
		{
			"name": "hexadecagon",
			"from": [7.06688, 2.51165, 7.81439],
			"to": [8.93312, 9.58991, 8.18561],
			"rotation": {"angle": 0, "axis": "y", "origin": [8, 2.56997, 8]},
			"faces": {
				"north": {"uv": [2, 7, 1, 8], "texture": "#0"},
				"east": {"uv": [2, 7, 1, 8], "texture": "#0"},
				"south": {"uv": [2, 7, 1, 8], "texture": "#0"},
				"west": {"uv": [2, 7, 1, 8], "texture": "#0"},
				"up": {"uv": [2, 7, 1, 8], "texture": "#0"},
				"down": {"uv": [2, 7, 1, 8], "texture": "#0"}
			}
		},
		{
			"name": "hexadecagon",
			"from": [7.06688, 2.51165, 7.81439],
			"to": [8.93312, 9.58991, 8.18561],
			"rotation": {"angle": 22.5, "axis": "y", "origin": [8, 2.56997, 8]},
			"faces": {
				"north": {"uv": [2, 7, 1, 8], "texture": "#0"},
				"east": {"uv": [2, 7, 1, 8], "texture": "#0"},
				"south": {"uv": [2, 7, 1, 8], "texture": "#0"},
				"west": {"uv": [2, 7, 1, 8], "texture": "#0"},
				"up": {"uv": [2, 7, 1, 8], "texture": "#0"},
				"down": {"uv": [2, 7, 1, 8], "texture": "#0"}
			}
		},
		{
			"name": "hexadecagon",
			"from": [7.78098, 7.49742, 6.89892],
			"to": [8.21902, 7.8854, 9.10108],
			"rotation": {"angle": -45, "axis": "y", "origin": [8, -0.39814, 8]},
			"faces": {
				"north": {"uv": [2, 7, 1, 8], "texture": "#0"},
				"east": {"uv": [2, 7, 1, 8], "texture": "#0"},
				"south": {"uv": [2, 7, 1, 8], "texture": "#0"},
				"west": {"uv": [2, 7, 1, 8], "texture": "#0"},
				"up": {"uv": [2, 7, 1, 8], "texture": "#0"},
				"down": {"uv": [2, 7, 1, 8], "texture": "#0"}
			}
		},
		{
			"name": "hexadecagon",
			"from": [7.78098, 7.49742, 6.89892],
			"to": [8.21902, 7.8854, 9.10108],
			"rotation": {"angle": -22.5, "axis": "y", "origin": [8, -0.39814, 8]},
			"faces": {
				"north": {"uv": [2, 7, 1, 8], "texture": "#0"},
				"east": {"uv": [2, 7, 1, 8], "texture": "#0"},
				"south": {"uv": [2, 7, 1, 8], "texture": "#0"},
				"west": {"uv": [2, 7, 1, 8], "texture": "#0"},
				"up": {"uv": [2, 7, 1, 8], "texture": "#0"},
				"down": {"uv": [2, 7, 1, 8], "texture": "#0"}
			}
		},
		{
			"name": "hexadecagon",
			"from": [7.78098, 7.49742, 6.89892],
			"to": [8.21902, 7.8854, 9.10108],
			"rotation": {"angle": 0, "axis": "y", "origin": [8, -0.39814, 8]},
			"faces": {
				"north": {"uv": [2, 7, 1, 8], "texture": "#0"},
				"east": {"uv": [2, 7, 1, 8], "texture": "#0"},
				"south": {"uv": [2, 7, 1, 8], "texture": "#0"},
				"west": {"uv": [2, 7, 1, 8], "texture": "#0"},
				"up": {"uv": [2, 7, 1, 8], "texture": "#0"},
				"down": {"uv": [2, 7, 1, 8], "texture": "#0"}
			}
		},
		{
			"name": "hexadecagon",
			"from": [7.78098, 7.49742, 6.89892],
			"to": [8.21902, 7.8854, 9.10108],
			"rotation": {"angle": 22.5, "axis": "y", "origin": [8, -0.39814, 8]},
			"faces": {
				"north": {"uv": [2, 7, 1, 8], "texture": "#0"},
				"east": {"uv": [2, 7, 1, 8], "texture": "#0"},
				"south": {"uv": [2, 7, 1, 8], "texture": "#0"},
				"west": {"uv": [2, 7, 1, 8], "texture": "#0"},
				"up": {"uv": [2, 7, 1, 8], "texture": "#0"},
				"down": {"uv": [2, 7, 1, 8], "texture": "#0"}
			}
		},
		{
			"name": "hexadecagon",
			"from": [7.78098, 7.49742, 6.89892],
			"to": [8.21902, 7.8854, 9.10108],
			"rotation": {"angle": 45, "axis": "y", "origin": [8, -0.39814, 8]},
			"faces": {
				"north": {"uv": [2, 7, 1, 8], "texture": "#0"},
				"east": {"uv": [2, 7, 1, 8], "texture": "#0"},
				"south": {"uv": [2, 7, 1, 8], "texture": "#0"},
				"west": {"uv": [2, 7, 1, 8], "texture": "#0"},
				"up": {"uv": [2, 7, 1, 8], "texture": "#0"},
				"down": {"uv": [2, 7, 1, 8], "texture": "#0"}
			}
		},
		{
			"name": "hexadecagon",
			"from": [6.89892, 7.49742, 7.78098],
			"to": [9.10108, 7.8854, 8.21902],
			"rotation": {"angle": -22.5, "axis": "y", "origin": [8, -0.39814, 8]},
			"faces": {
				"north": {"uv": [2, 7, 1, 8], "texture": "#0"},
				"east": {"uv": [2, 7, 1, 8], "texture": "#0"},
				"south": {"uv": [2, 7, 1, 8], "texture": "#0"},
				"west": {"uv": [2, 7, 1, 8], "texture": "#0"},
				"up": {"uv": [2, 7, 1, 8], "texture": "#0"},
				"down": {"uv": [2, 7, 1, 8], "texture": "#0"}
			}
		},
		{
			"name": "hexadecagon",
			"from": [6.89892, 7.49742, 7.78098],
			"to": [9.10108, 7.8854, 8.21902],
			"rotation": {"angle": 0, "axis": "y", "origin": [8, -0.39814, 8]},
			"faces": {
				"north": {"uv": [2, 7, 1, 8], "texture": "#0"},
				"east": {"uv": [2, 7, 1, 8], "texture": "#0"},
				"south": {"uv": [2, 7, 1, 8], "texture": "#0"},
				"west": {"uv": [2, 7, 1, 8], "texture": "#0"},
				"up": {"uv": [2, 7, 1, 8], "texture": "#0"},
				"down": {"uv": [2, 7, 1, 8], "texture": "#0"}
			}
		},
		{
			"name": "hexadecagon",
			"from": [6.89892, 7.49742, 7.78098],
			"to": [9.10108, 7.8854, 8.21902],
			"rotation": {"angle": 22.5, "axis": "y", "origin": [8, -0.39814, 8]},
			"faces": {
				"north": {"uv": [2, 7, 1, 8], "texture": "#0"},
				"east": {"uv": [2, 7, 1, 8], "texture": "#0"},
				"south": {"uv": [2, 7, 1, 8], "texture": "#0"},
				"west": {"uv": [2, 7, 1, 8], "texture": "#0"},
				"up": {"uv": [2, 7, 1, 8], "texture": "#0"},
				"down": {"uv": [2, 7, 1, 8], "texture": "#0"}
			}
		},
		{
			"name": "hexadecagon",
			"from": [7.78098, 8.2396, 6.89892],
			"to": [8.21902, 8.62758, 9.10108],
			"rotation": {"angle": -45, "axis": "y", "origin": [8, 0.34405, 8]},
			"faces": {
				"north": {"uv": [2, 7, 1, 8], "texture": "#0"},
				"east": {"uv": [2, 7, 1, 8], "texture": "#0"},
				"south": {"uv": [2, 7, 1, 8], "texture": "#0"},
				"west": {"uv": [2, 7, 1, 8], "texture": "#0"},
				"up": {"uv": [2, 7, 1, 8], "texture": "#0"},
				"down": {"uv": [2, 7, 1, 8], "texture": "#0"}
			}
		},
		{
			"name": "hexadecagon",
			"from": [7.78098, 8.2396, 6.89892],
			"to": [8.21902, 8.62758, 9.10108],
			"rotation": {"angle": -22.5, "axis": "y", "origin": [8, 0.34405, 8]},
			"faces": {
				"north": {"uv": [2, 7, 1, 8], "texture": "#0"},
				"east": {"uv": [2, 7, 1, 8], "texture": "#0"},
				"south": {"uv": [2, 7, 1, 8], "texture": "#0"},
				"west": {"uv": [2, 7, 1, 8], "texture": "#0"},
				"up": {"uv": [2, 7, 1, 8], "texture": "#0"},
				"down": {"uv": [2, 7, 1, 8], "texture": "#0"}
			}
		},
		{
			"name": "hexadecagon",
			"from": [7.78098, 8.2396, 6.89892],
			"to": [8.21902, 8.62758, 9.10108],
			"rotation": {"angle": 0, "axis": "y", "origin": [8, 0.34405, 8]},
			"faces": {
				"north": {"uv": [2, 7, 1, 8], "texture": "#0"},
				"east": {"uv": [2, 7, 1, 8], "texture": "#0"},
				"south": {"uv": [2, 7, 1, 8], "texture": "#0"},
				"west": {"uv": [2, 7, 1, 8], "texture": "#0"},
				"up": {"uv": [2, 7, 1, 8], "texture": "#0"},
				"down": {"uv": [2, 7, 1, 8], "texture": "#0"}
			}
		},
		{
			"name": "hexadecagon",
			"from": [7.78098, 8.2396, 6.89892],
			"to": [8.21902, 8.62758, 9.10108],
			"rotation": {"angle": 22.5, "axis": "y", "origin": [8, 0.34405, 8]},
			"faces": {
				"north": {"uv": [2, 7, 1, 8], "texture": "#0"},
				"east": {"uv": [2, 7, 1, 8], "texture": "#0"},
				"south": {"uv": [2, 7, 1, 8], "texture": "#0"},
				"west": {"uv": [2, 7, 1, 8], "texture": "#0"},
				"up": {"uv": [2, 7, 1, 8], "texture": "#0"},
				"down": {"uv": [2, 7, 1, 8], "texture": "#0"}
			}
		},
		{
			"name": "hexadecagon",
			"from": [7.78098, 8.2396, 6.89892],
			"to": [8.21902, 8.62758, 9.10108],
			"rotation": {"angle": 45, "axis": "y", "origin": [8, 0.34405, 8]},
			"faces": {
				"north": {"uv": [2, 7, 1, 8], "texture": "#0"},
				"east": {"uv": [2, 7, 1, 8], "texture": "#0"},
				"south": {"uv": [2, 7, 1, 8], "texture": "#0"},
				"west": {"uv": [2, 7, 1, 8], "texture": "#0"},
				"up": {"uv": [2, 7, 1, 8], "texture": "#0"},
				"down": {"uv": [2, 7, 1, 8], "texture": "#0"}
			}
		},
		{
			"name": "hexadecagon",
			"from": [6.89892, 8.2396, 7.78098],
			"to": [9.10108, 8.62758, 8.21902],
			"rotation": {"angle": -22.5, "axis": "y", "origin": [8, 0.34405, 8]},
			"faces": {
				"north": {"uv": [2, 7, 1, 8], "texture": "#0"},
				"east": {"uv": [2, 7, 1, 8], "texture": "#0"},
				"south": {"uv": [2, 7, 1, 8], "texture": "#0"},
				"west": {"uv": [2, 7, 1, 8], "texture": "#0"},
				"up": {"uv": [2, 7, 1, 8], "texture": "#0"},
				"down": {"uv": [2, 7, 1, 8], "texture": "#0"}
			}
		},
		{
			"name": "hexadecagon",
			"from": [6.89892, 8.2396, 7.78098],
			"to": [9.10108, 8.62758, 8.21902],
			"rotation": {"angle": 0, "axis": "y", "origin": [8, 0.34405, 8]},
			"faces": {
				"north": {"uv": [2, 7, 1, 8], "texture": "#0"},
				"east": {"uv": [2, 7, 1, 8], "texture": "#0"},
				"south": {"uv": [2, 7, 1, 8], "texture": "#0"},
				"west": {"uv": [2, 7, 1, 8], "texture": "#0"},
				"up": {"uv": [2, 7, 1, 8], "texture": "#0"},
				"down": {"uv": [2, 7, 1, 8], "texture": "#0"}
			}
		},
		{
			"name": "hexadecagon",
			"from": [6.89892, 8.2396, 7.78098],
			"to": [9.10108, 8.62758, 8.21902],
			"rotation": {"angle": 22.5, "axis": "y", "origin": [8, 0.34405, 8]},
			"faces": {
				"north": {"uv": [2, 7, 1, 8], "texture": "#0"},
				"east": {"uv": [2, 7, 1, 8], "texture": "#0"},
				"south": {"uv": [2, 7, 1, 8], "texture": "#0"},
				"west": {"uv": [2, 7, 1, 8], "texture": "#0"},
				"up": {"uv": [2, 7, 1, 8], "texture": "#0"},
				"down": {"uv": [2, 7, 1, 8], "texture": "#0"}
			}
		},
		{
			"name": "hexadecagon",
			"from": [7.66201, 8.89642, 6.3008],
			"to": [8.33799, 9.79499, 9.6992],
			"rotation": {"angle": -45, "axis": "y", "origin": [8, 9.00262, 8]},
			"faces": {
				"north": {"uv": [2, 7, 1, 8], "texture": "#0"},
				"east": {"uv": [2, 7, 1, 8], "texture": "#0"},
				"south": {"uv": [2, 7, 1, 8], "texture": "#0"},
				"west": {"uv": [2, 7, 1, 8], "texture": "#0"},
				"up": {"uv": [2, 7, 1, 8], "texture": "#0"},
				"down": {"uv": [2, 7, 1, 8], "texture": "#0"}
			}
		},
		{
			"name": "hexadecagon",
			"from": [7.66201, 8.89642, 6.3008],
			"to": [8.33799, 9.79499, 9.6992],
			"rotation": {"angle": -22.5, "axis": "y", "origin": [8, 9.00262, 8]},
			"faces": {
				"north": {"uv": [2, 7, 1, 8], "texture": "#0"},
				"east": {"uv": [2, 7, 1, 8], "texture": "#0"},
				"south": {"uv": [2, 7, 1, 8], "texture": "#0"},
				"west": {"uv": [2, 7, 1, 8], "texture": "#0"},
				"up": {"uv": [2, 7, 1, 8], "texture": "#0"},
				"down": {"uv": [2, 7, 1, 8], "texture": "#0"}
			}
		},
		{
			"name": "hexadecagon",
			"from": [7.66201, 8.89642, 6.3008],
			"to": [8.33799, 9.79499, 9.6992],
			"rotation": {"angle": 0, "axis": "y", "origin": [8, 9.00262, 8]},
			"faces": {
				"north": {"uv": [2, 7, 1, 8], "texture": "#0"},
				"east": {"uv": [2, 7, 1, 8], "texture": "#0"},
				"south": {"uv": [2, 7, 1, 8], "texture": "#0"},
				"west": {"uv": [2, 7, 1, 8], "texture": "#0"},
				"up": {"uv": [2, 7, 1, 8], "texture": "#0"},
				"down": {"uv": [2, 7, 1, 8], "texture": "#0"}
			}
		},
		{
			"name": "hexadecagon",
			"from": [7.66201, 8.89642, 6.3008],
			"to": [8.33799, 9.79499, 9.6992],
			"rotation": {"angle": 22.5, "axis": "y", "origin": [8, 9.00262, 8]},
			"faces": {
				"north": {"uv": [2, 7, 1, 8], "texture": "#0"},
				"east": {"uv": [2, 7, 1, 8], "texture": "#0"},
				"south": {"uv": [2, 7, 1, 8], "texture": "#0"},
				"west": {"uv": [2, 7, 1, 8], "texture": "#0"},
				"up": {"uv": [2, 7, 1, 8], "texture": "#0"},
				"down": {"uv": [2, 7, 1, 8], "texture": "#0"}
			}
		},
		{
			"name": "hexadecagon",
			"from": [7.66201, 8.89642, 6.3008],
			"to": [8.33799, 9.79499, 9.6992],
			"rotation": {"angle": 45, "axis": "y", "origin": [8, 9.00262, 8]},
			"faces": {
				"north": {"uv": [2, 7, 1, 8], "texture": "#0"},
				"east": {"uv": [2, 7, 1, 8], "texture": "#0"},
				"south": {"uv": [2, 7, 1, 8], "texture": "#0"},
				"west": {"uv": [2, 7, 1, 8], "texture": "#0"},
				"up": {"uv": [2, 7, 1, 8], "texture": "#0"},
				"down": {"uv": [2, 7, 1, 8], "texture": "#0"}
			}
		},
		{
			"name": "hexadecagon",
			"from": [6.3008, 8.89642, 7.66201],
			"to": [9.6992, 9.79499, 8.33799],
			"rotation": {"angle": -22.5, "axis": "y", "origin": [8, 9.00262, 8]},
			"faces": {
				"north": {"uv": [2, 7, 1, 8], "texture": "#0"},
				"east": {"uv": [2, 7, 1, 8], "texture": "#0"},
				"south": {"uv": [2, 7, 1, 8], "texture": "#0"},
				"west": {"uv": [2, 7, 1, 8], "texture": "#0"},
				"up": {"uv": [2, 7, 1, 8], "texture": "#0"},
				"down": {"uv": [2, 7, 1, 8], "texture": "#0"}
			}
		},
		{
			"name": "hexadecagon",
			"from": [6.3008, 8.89642, 7.66201],
			"to": [9.6992, 9.79499, 8.33799],
			"rotation": {"angle": 0, "axis": "y", "origin": [8, 9.00262, 8]},
			"faces": {
				"north": {"uv": [2, 7, 1, 8], "texture": "#0"},
				"east": {"uv": [2, 7, 1, 8], "texture": "#0"},
				"south": {"uv": [2, 7, 1, 8], "texture": "#0"},
				"west": {"uv": [2, 7, 1, 8], "texture": "#0"},
				"up": {"uv": [2, 7, 1, 8], "texture": "#0"},
				"down": {"uv": [2, 7, 1, 8], "texture": "#0"}
			}
		},
		{
			"name": "hexadecagon",
			"from": [6.3008, 8.89642, 7.66201],
			"to": [9.6992, 9.79499, 8.33799],
			"rotation": {"angle": 22.5, "axis": "y", "origin": [8, 9.00262, 8]},
			"faces": {
				"north": {"uv": [2, 7, 1, 8], "texture": "#0"},
				"east": {"uv": [2, 7, 1, 8], "texture": "#0"},
				"south": {"uv": [2, 7, 1, 8], "texture": "#0"},
				"west": {"uv": [2, 7, 1, 8], "texture": "#0"},
				"up": {"uv": [2, 7, 1, 8], "texture": "#0"},
				"down": {"uv": [2, 7, 1, 8], "texture": "#0"}
			}
		},
		{
			"name": "hexadecagon",
			"from": [7.70084, 9.70796, 6.496],
			"to": [8.29916, 10.56548, 7.06],
			"rotation": {"angle": -45, "axis": "y", "origin": [8, 9.80196, 8]},
			"faces": {
				"north": {"uv": [2, 7, 1, 8], "texture": "#0"},
				"east": {"uv": [2, 7, 1, 8], "texture": "#0"},
				"south": {"uv": [2, 7, 1, 8], "texture": "#0"},
				"west": {"uv": [2, 7, 1, 8], "texture": "#0"},
				"up": {"uv": [2, 7, 1, 8], "texture": "#0"},
				"down": {"uv": [2, 7, 1, 8], "texture": "#0"}
			}
		},
		{
			"name": "hexadecagon",
			"from": [7.70084, 9.70796, 6.496],
			"to": [8.29916, 10.56548, 7.06],
			"rotation": {"angle": -22.5, "axis": "y", "origin": [8, 9.80196, 8]},
			"faces": {
				"north": {"uv": [2, 7, 1, 8], "texture": "#0"},
				"east": {"uv": [2, 7, 1, 8], "texture": "#0"},
				"south": {"uv": [2, 7, 1, 8], "texture": "#0"},
				"west": {"uv": [2, 7, 1, 8], "texture": "#0"},
				"up": {"uv": [2, 7, 1, 8], "texture": "#0"},
				"down": {"uv": [2, 7, 1, 8], "texture": "#0"}
			}
		},
		{
			"name": "hexadecagon",
			"from": [7.70084, 9.70796, 6.496],
			"to": [8.29916, 10.56548, 7.06],
			"rotation": {"angle": 0, "axis": "y", "origin": [8, 9.80196, 8]},
			"faces": {
				"north": {"uv": [2, 7, 1, 8], "texture": "#0"},
				"east": {"uv": [2, 7, 1, 8], "texture": "#0"},
				"south": {"uv": [2, 7, 1, 8], "texture": "#0"},
				"west": {"uv": [2, 7, 1, 8], "texture": "#0"},
				"up": {"uv": [2, 7, 1, 8], "texture": "#0"},
				"down": {"uv": [2, 7, 1, 8], "texture": "#0"}
			}
		},
		{
			"name": "hexadecagon",
			"from": [7.70084, 9.70796, 6.496],
			"to": [8.29916, 10.56548, 7.06],
			"rotation": {"angle": 22.5, "axis": "y", "origin": [8, 9.80196, 8]},
			"faces": {
				"north": {"uv": [2, 7, 1, 8], "texture": "#0"},
				"east": {"uv": [2, 7, 1, 8], "texture": "#0"},
				"south": {"uv": [2, 7, 1, 8], "texture": "#0"},
				"west": {"uv": [2, 7, 1, 8], "texture": "#0"},
				"up": {"uv": [2, 7, 1, 8], "texture": "#0"},
				"down": {"uv": [2, 7, 1, 8], "texture": "#0"}
			}
		},
		{
			"name": "hexadecagon",
			"from": [7.70084, 9.70796, 6.496],
			"to": [8.29916, 10.56548, 7.06],
			"rotation": {"angle": 45, "axis": "y", "origin": [8, 9.80196, 8]},
			"faces": {
				"north": {"uv": [2, 7, 1, 8], "texture": "#0"},
				"east": {"uv": [2, 7, 1, 8], "texture": "#0"},
				"south": {"uv": [2, 7, 1, 8], "texture": "#0"},
				"west": {"uv": [2, 7, 1, 8], "texture": "#0"},
				"up": {"uv": [2, 7, 1, 8], "texture": "#0"},
				"down": {"uv": [2, 7, 1, 8], "texture": "#0"}
			}
		},
		{
			"name": "hexadecagon",
			"from": [7.70084, 9.70796, 8.94],
			"to": [8.29916, 10.56548, 9.504],
			"rotation": {"angle": -45, "axis": "y", "origin": [8, 9.80196, 8]},
			"faces": {
				"north": {"uv": [2, 7, 1, 8], "texture": "#0"},
				"east": {"uv": [2, 7, 1, 8], "texture": "#0"},
				"south": {"uv": [2, 7, 1, 8], "texture": "#0"},
				"west": {"uv": [2, 7, 1, 8], "texture": "#0"},
				"up": {"uv": [2, 7, 1, 8], "texture": "#0"},
				"down": {"uv": [2, 7, 1, 8], "texture": "#0"}
			}
		},
		{
			"name": "hexadecagon",
			"from": [7.70084, 9.70796, 8.94],
			"to": [8.29916, 10.56548, 9.504],
			"rotation": {"angle": -22.5, "axis": "y", "origin": [8, 9.80196, 8]},
			"faces": {
				"north": {"uv": [2, 7, 1, 8], "texture": "#0"},
				"east": {"uv": [2, 7, 1, 8], "texture": "#0"},
				"south": {"uv": [2, 7, 1, 8], "texture": "#0"},
				"west": {"uv": [2, 7, 1, 8], "texture": "#0"},
				"up": {"uv": [2, 7, 1, 8], "texture": "#0"},
				"down": {"uv": [2, 7, 1, 8], "texture": "#0"}
			}
		},
		{
			"name": "hexadecagon",
			"from": [7.70084, 9.70796, 8.94],
			"to": [8.29916, 10.56548, 9.504],
			"rotation": {"angle": 0, "axis": "y", "origin": [8, 9.80196, 8]},
			"faces": {
				"north": {"uv": [2, 7, 1, 8], "texture": "#0"},
				"east": {"uv": [2, 7, 1, 8], "texture": "#0"},
				"south": {"uv": [2, 7, 1, 8], "texture": "#0"},
				"west": {"uv": [2, 7, 1, 8], "texture": "#0"},
				"up": {"uv": [2, 7, 1, 8], "texture": "#0"},
				"down": {"uv": [2, 7, 1, 8], "texture": "#0"}
			}
		},
		{
			"name": "hexadecagon",
			"from": [7.70084, 9.70796, 8.94],
			"to": [8.29916, 10.56548, 9.504],
			"rotation": {"angle": 22.5, "axis": "y", "origin": [8, 9.80196, 8]},
			"faces": {
				"north": {"uv": [2, 7, 1, 8], "texture": "#0"},
				"east": {"uv": [2, 7, 1, 8], "texture": "#0"},
				"south": {"uv": [2, 7, 1, 8], "texture": "#0"},
				"west": {"uv": [2, 7, 1, 8], "texture": "#0"},
				"up": {"uv": [2, 7, 1, 8], "texture": "#0"},
				"down": {"uv": [2, 7, 1, 8], "texture": "#0"}
			}
		},
		{
			"name": "hexadecagon",
			"from": [7.70084, 9.70796, 8.94],
			"to": [8.29916, 10.56548, 9.504],
			"rotation": {"angle": 45, "axis": "y", "origin": [8, 9.80196, 8]},
			"faces": {
				"north": {"uv": [2, 7, 1, 8], "texture": "#0"},
				"east": {"uv": [2, 7, 1, 8], "texture": "#0"},
				"south": {"uv": [2, 7, 1, 8], "texture": "#0"},
				"west": {"uv": [2, 7, 1, 8], "texture": "#0"},
				"up": {"uv": [2, 7, 1, 8], "texture": "#0"},
				"down": {"uv": [2, 7, 1, 8], "texture": "#0"}
			}
		},
		{
			"name": "hexadecagon",
			"from": [6.496, 9.70796, 7.70084],
			"to": [7.06, 10.56548, 8.29916],
			"rotation": {"angle": -22.5, "axis": "y", "origin": [8, 9.80196, 8]},
			"faces": {
				"north": {"uv": [2, 7, 1, 8], "texture": "#0"},
				"east": {"uv": [2, 7, 1, 8], "texture": "#0"},
				"south": {"uv": [2, 7, 1, 8], "texture": "#0"},
				"west": {"uv": [2, 7, 1, 8], "texture": "#0"},
				"up": {"uv": [2, 7, 1, 8], "texture": "#0"},
				"down": {"uv": [2, 7, 1, 8], "texture": "#0"}
			}
		},
		{
			"name": "hexadecagon",
			"from": [6.496, 9.70796, 7.70084],
			"to": [7.06, 10.56548, 8.29916],
			"rotation": {"angle": 0, "axis": "y", "origin": [8, 9.80196, 8]},
			"faces": {
				"north": {"uv": [2, 7, 1, 8], "texture": "#0"},
				"east": {"uv": [2, 7, 1, 8], "texture": "#0"},
				"south": {"uv": [2, 7, 1, 8], "texture": "#0"},
				"west": {"uv": [2, 7, 1, 8], "texture": "#0"},
				"up": {"uv": [2, 7, 1, 8], "texture": "#0"},
				"down": {"uv": [2, 7, 1, 8], "texture": "#0"}
			}
		},
		{
			"name": "hexadecagon",
			"from": [6.496, 9.70796, 7.70084],
			"to": [7.06, 10.56548, 8.29916],
			"rotation": {"angle": 22.5, "axis": "y", "origin": [8, 9.80196, 8]},
			"faces": {
				"north": {"uv": [2, 7, 1, 8], "texture": "#0"},
				"east": {"uv": [2, 7, 1, 8], "texture": "#0"},
				"south": {"uv": [2, 7, 1, 8], "texture": "#0"},
				"west": {"uv": [2, 7, 1, 8], "texture": "#0"},
				"up": {"uv": [2, 7, 1, 8], "texture": "#0"},
				"down": {"uv": [2, 7, 1, 8], "texture": "#0"}
			}
		},
		{
			"name": "hexadecagon",
			"from": [8.94, 9.70796, 7.70084],
			"to": [9.504, 10.56548, 8.29916],
			"rotation": {"angle": -22.5, "axis": "y", "origin": [8, 9.80196, 8]},
			"faces": {
				"north": {"uv": [2, 7, 1, 8], "texture": "#0"},
				"east": {"uv": [2, 7, 1, 8], "texture": "#0"},
				"south": {"uv": [2, 7, 1, 8], "texture": "#0"},
				"west": {"uv": [2, 7, 1, 8], "texture": "#0"},
				"up": {"uv": [2, 7, 1, 8], "texture": "#0"},
				"down": {"uv": [2, 7, 1, 8], "texture": "#0"}
			}
		},
		{
			"name": "hexadecagon",
			"from": [8.94, 9.70796, 7.70084],
			"to": [9.504, 10.56548, 8.29916],
			"rotation": {"angle": 0, "axis": "y", "origin": [8, 9.80196, 8]},
			"faces": {
				"north": {"uv": [2, 7, 1, 8], "texture": "#0"},
				"east": {"uv": [2, 7, 1, 8], "texture": "#0"},
				"south": {"uv": [2, 7, 1, 8], "texture": "#0"},
				"west": {"uv": [2, 7, 1, 8], "texture": "#0"},
				"up": {"uv": [2, 7, 1, 8], "texture": "#0"},
				"down": {"uv": [2, 7, 1, 8], "texture": "#0"}
			}
		},
		{
			"name": "hexadecagon",
			"from": [8.94, 9.70796, 7.70084],
			"to": [9.504, 10.56548, 8.29916],
			"rotation": {"angle": 22.5, "axis": "y", "origin": [8, 9.80196, 8]},
			"faces": {
				"north": {"uv": [2, 7, 1, 8], "texture": "#0"},
				"east": {"uv": [2, 7, 1, 8], "texture": "#0"},
				"south": {"uv": [2, 7, 1, 8], "texture": "#0"},
				"west": {"uv": [2, 7, 1, 8], "texture": "#0"},
				"up": {"uv": [2, 7, 1, 8], "texture": "#0"},
				"down": {"uv": [2, 7, 1, 8], "texture": "#0"}
			}
		},
		{
			"name": "hexadecagon",
			"from": [7.81748, 30.15863, 7.08243],
			"to": [8.18252, 30.15863, 8.91757],
			"rotation": {"angle": -45, "axis": "y", "origin": [8, 10.11356, 8]},
			"faces": {
				"north": {"uv": [2, 7, 1, 8], "texture": "#1"},
				"east": {"uv": [2, 7, 1, 8], "texture": "#1"},
				"south": {"uv": [2, 7, 1, 8], "texture": "#1"},
				"west": {"uv": [2, 7, 1, 8], "texture": "#1"},
				"up": {"uv": [2, 7, 1, 8], "texture": "#1"},
				"down": {"uv": [2, 7, 1, 8], "texture": "#1"}
			}
		},
		{
			"name": "hexadecagon",
			"from": [7.81748, 30.15863, 7.08243],
			"to": [8.18252, 30.15863, 8.91757],
			"rotation": {"angle": -22.5, "axis": "y", "origin": [8, 10.11356, 8]},
			"faces": {
				"north": {"uv": [2, 7, 1, 8], "texture": "#1"},
				"east": {"uv": [2, 7, 1, 8], "texture": "#1"},
				"south": {"uv": [2, 7, 1, 8], "texture": "#1"},
				"west": {"uv": [2, 7, 1, 8], "texture": "#1"},
				"up": {"uv": [2, 7, 1, 8], "texture": "#1"},
				"down": {"uv": [2, 7, 1, 8], "texture": "#1"}
			}
		},
		{
			"name": "hexadecagon",
			"from": [7.81748, 30.15863, 7.08243],
			"to": [8.18252, 30.15863, 8.91757],
			"rotation": {"angle": 0, "axis": "y", "origin": [8, 10.11356, 8]},
			"faces": {
				"north": {"uv": [2, 7, 1, 8], "texture": "#1"},
				"east": {"uv": [2, 7, 1, 8], "texture": "#1"},
				"south": {"uv": [2, 7, 1, 8], "texture": "#1"},
				"west": {"uv": [2, 7, 1, 8], "texture": "#1"},
				"up": {"uv": [2, 7, 1, 8], "texture": "#1"},
				"down": {"uv": [2, 7, 1, 8], "texture": "#1"}
			}
		},
		{
			"name": "hexadecagon",
			"from": [7.81748, 30.15863, 7.08243],
			"to": [8.18252, 30.15863, 8.91757],
			"rotation": {"angle": 22.5, "axis": "y", "origin": [8, 10.11356, 8]},
			"faces": {
				"north": {"uv": [2, 7, 1, 8], "texture": "#1"},
				"east": {"uv": [2, 7, 1, 8], "texture": "#1"},
				"south": {"uv": [2, 7, 1, 8], "texture": "#1"},
				"west": {"uv": [2, 7, 1, 8], "texture": "#1"},
				"up": {"uv": [2, 7, 1, 8], "texture": "#1"},
				"down": {"uv": [2, 7, 1, 8], "texture": "#1"}
			}
		},
		{
			"name": "hexadecagon",
			"from": [7.81748, 30.15863, 7.08243],
			"to": [8.18252, 30.15863, 8.91757],
			"rotation": {"angle": 45, "axis": "y", "origin": [8, 10.11356, 8]},
			"faces": {
				"north": {"uv": [2, 7, 1, 8], "texture": "#1"},
				"east": {"uv": [2, 7, 1, 8], "texture": "#1"},
				"south": {"uv": [2, 7, 1, 8], "texture": "#1"},
				"west": {"uv": [2, 7, 1, 8], "texture": "#1"},
				"up": {"uv": [2, 7, 1, 8], "texture": "#1"},
				"down": {"uv": [2, 7, 1, 8], "texture": "#1"}
			}
		},
		{
			"name": "hexadecagon",
			"from": [7.08243, 30.15863, 7.81748],
			"to": [8.91757, 30.15863, 8.18252],
			"rotation": {"angle": -22.5, "axis": "y", "origin": [8, 10.11356, 8]},
			"faces": {
				"north": {"uv": [2, 7, 1, 8], "texture": "#1"},
				"east": {"uv": [2, 7, 1, 8], "texture": "#1"},
				"south": {"uv": [2, 7, 1, 8], "texture": "#1"},
				"west": {"uv": [2, 7, 1, 8], "texture": "#1"},
				"up": {"uv": [2, 7, 1, 8], "texture": "#1"},
				"down": {"uv": [2, 7, 1, 8], "texture": "#1"}
			}
		},
		{
			"name": "hexadecagon",
			"from": [7.08243, 30.15863, 7.81748],
			"to": [8.91757, 30.15863, 8.18252],
			"rotation": {"angle": 0, "axis": "y", "origin": [8, 10.11356, 8]},
			"faces": {
				"north": {"uv": [2, 7, 1, 8], "texture": "#1"},
				"east": {"uv": [2, 7, 1, 8], "texture": "#1"},
				"south": {"uv": [2, 7, 1, 8], "texture": "#1"},
				"west": {"uv": [2, 7, 1, 8], "texture": "#1"},
				"up": {"uv": [2, 7, 1, 8], "texture": "#1"},
				"down": {"uv": [2, 7, 1, 8], "texture": "#1"}
			}
		},
		{
			"name": "hexadecagon",
			"from": [7.08243, 30.15863, 7.81748],
			"to": [8.91757, 30.15863, 8.18252],
			"rotation": {"angle": 22.5, "axis": "y", "origin": [8, 10.11356, 8]},
			"faces": {
				"north": {"uv": [2, 7, 1, 8], "texture": "#1"},
				"east": {"uv": [2, 7, 1, 8], "texture": "#1"},
				"south": {"uv": [2, 7, 1, 8], "texture": "#1"},
				"west": {"uv": [2, 7, 1, 8], "texture": "#1"},
				"up": {"uv": [2, 7, 1, 8], "texture": "#1"},
				"down": {"uv": [2, 7, 1, 8], "texture": "#1"}
			}
		},
		{
			"name": "hexadecagon",
			"from": [7.81852, 9.76719, 7.08762],
			"to": [8.18148, 30.17421, 7.08876],
			"rotation": {"angle": -45, "axis": "y", "origin": [8, 30.11719, 8]},
			"faces": {
				"north": {"uv": [0, 0, 1, 1], "texture": "#1"},
				"east": {"uv": [0, 0, 1, 1], "texture": "#1"},
				"south": {"uv": [0, 0, 1, 1], "texture": "#1"},
				"west": {"uv": [0, 0, 1, 1], "texture": "#1"},
				"up": {"uv": [0, 0, 1, 1], "texture": "#1"},
				"down": {"uv": [0, 0, 1, 1], "texture": "#1"}
			}
		},
		{
			"name": "hexadecagon",
			"from": [7.81852, 9.76719, 7.08762],
			"to": [8.18148, 30.17421, 7.08876],
			"rotation": {"angle": -22.5, "axis": "y", "origin": [8, 30.11719, 8]},
			"faces": {
				"north": {"uv": [0, 0, 1, 1], "texture": "#1"},
				"east": {"uv": [0, 0, 1, 1], "texture": "#1"},
				"south": {"uv": [0, 0, 1, 1], "texture": "#1"},
				"west": {"uv": [0, 0, 1, 1], "texture": "#1"},
				"up": {"uv": [0, 0, 1, 1], "texture": "#1"},
				"down": {"uv": [0, 0, 1, 1], "texture": "#1"}
			}
		},
		{
			"name": "hexadecagon",
			"from": [7.81852, 9.76719, 7.08762],
			"to": [8.18148, 30.17421, 7.08876],
			"rotation": {"angle": 0, "axis": "y", "origin": [8, 30.11719, 8]},
			"faces": {
				"north": {"uv": [0, 0, 1, 1], "texture": "#1"},
				"east": {"uv": [0, 0, 1, 1], "texture": "#1"},
				"south": {"uv": [0, 0, 1, 1], "texture": "#1"},
				"west": {"uv": [0, 0, 1, 1], "texture": "#1"},
				"up": {"uv": [0, 0, 1, 1], "texture": "#1"},
				"down": {"uv": [0, 0, 1, 1], "texture": "#1"}
			}
		},
		{
			"name": "hexadecagon",
			"from": [7.81852, 9.76719, 7.08762],
			"to": [8.18148, 30.17421, 7.08876],
			"rotation": {"angle": 22.5, "axis": "y", "origin": [8, 30.11719, 8]},
			"faces": {
				"north": {"uv": [0, 0, 1, 1], "texture": "#1"},
				"east": {"uv": [0, 0, 1, 1], "texture": "#1"},
				"south": {"uv": [0, 0, 1, 1], "texture": "#1"},
				"west": {"uv": [0, 0, 1, 1], "texture": "#1"},
				"up": {"uv": [0, 0, 1, 1], "texture": "#1"},
				"down": {"uv": [0, 0, 1, 1], "texture": "#1"}
			}
		},
		{
			"name": "hexadecagon",
			"from": [7.81852, 9.76719, 7.08762],
			"to": [8.18148, 30.17421, 7.08876],
			"rotation": {"angle": 45, "axis": "y", "origin": [8, 30.11719, 8]},
			"faces": {
				"north": {"uv": [0, 0, 1, 1], "texture": "#1"},
				"east": {"uv": [0, 0, 1, 1], "texture": "#1"},
				"south": {"uv": [0, 0, 1, 1], "texture": "#1"},
				"west": {"uv": [0, 0, 1, 1], "texture": "#1"},
				"up": {"uv": [0, 0, 1, 1], "texture": "#1"},
				"down": {"uv": [0, 0, 1, 1], "texture": "#1"}
			}
		},
		{
			"name": "hexadecagon",
			"from": [7.81852, 9.76719, 8.91124],
			"to": [8.18148, 30.17421, 8.91238],
			"rotation": {"angle": -45, "axis": "y", "origin": [8, 30.11719, 8]},
			"faces": {
				"north": {"uv": [0, 0, 1, 1], "texture": "#1"},
				"east": {"uv": [0, 0, 1, 1], "texture": "#1"},
				"south": {"uv": [0, 0, 1, 1], "texture": "#1"},
				"west": {"uv": [0, 0, 1, 1], "texture": "#1"},
				"up": {"uv": [0, 0, 1, 1], "texture": "#1"},
				"down": {"uv": [0, 0, 1, 1], "texture": "#1"}
			}
		},
		{
			"name": "hexadecagon",
			"from": [7.81852, 9.76719, 8.91124],
			"to": [8.18148, 30.17421, 8.91238],
			"rotation": {"angle": -22.5, "axis": "y", "origin": [8, 30.11719, 8]},
			"faces": {
				"north": {"uv": [0, 0, 1, 1], "texture": "#1"},
				"east": {"uv": [0, 0, 1, 1], "texture": "#1"},
				"south": {"uv": [0, 0, 1, 1], "texture": "#1"},
				"west": {"uv": [0, 0, 1, 1], "texture": "#1"},
				"up": {"uv": [0, 0, 1, 1], "texture": "#1"},
				"down": {"uv": [0, 0, 1, 1], "texture": "#1"}
			}
		},
		{
			"name": "hexadecagon",
			"from": [7.81852, 9.76719, 8.91124],
			"to": [8.18148, 30.17421, 8.91238],
			"rotation": {"angle": 0, "axis": "y", "origin": [8, 30.11719, 8]},
			"faces": {
				"north": {"uv": [0, 0, 1, 1], "texture": "#1"},
				"east": {"uv": [0, 0, 1, 1], "texture": "#1"},
				"south": {"uv": [0, 0, 1, 1], "texture": "#1"},
				"west": {"uv": [0, 0, 1, 1], "texture": "#1"},
				"up": {"uv": [0, 0, 1, 1], "texture": "#1"},
				"down": {"uv": [0, 0, 1, 1], "texture": "#1"}
			}
		},
		{
			"name": "hexadecagon",
			"from": [7.81852, 9.76719, 8.91124],
			"to": [8.18148, 30.17421, 8.91238],
			"rotation": {"angle": 22.5, "axis": "y", "origin": [8, 30.11719, 8]},
			"faces": {
				"north": {"uv": [0, 0, 1, 1], "texture": "#1"},
				"east": {"uv": [0, 0, 1, 1], "texture": "#1"},
				"south": {"uv": [0, 0, 1, 1], "texture": "#1"},
				"west": {"uv": [0, 0, 1, 1], "texture": "#1"},
				"up": {"uv": [0, 0, 1, 1], "texture": "#1"},
				"down": {"uv": [0, 0, 1, 1], "texture": "#1"}
			}
		},
		{
			"name": "hexadecagon",
			"from": [7.81852, 9.76719, 8.91124],
			"to": [8.18148, 30.17421, 8.91238],
			"rotation": {"angle": 45, "axis": "y", "origin": [8, 30.11719, 8]},
			"faces": {
				"north": {"uv": [0, 0, 1, 1], "texture": "#1"},
				"east": {"uv": [0, 0, 1, 1], "texture": "#1"},
				"south": {"uv": [0, 0, 1, 1], "texture": "#1"},
				"west": {"uv": [0, 0, 1, 1], "texture": "#1"},
				"up": {"uv": [0, 0, 1, 1], "texture": "#1"},
				"down": {"uv": [0, 0, 1, 1], "texture": "#1"}
			}
		},
		{
			"name": "hexadecagon",
			"from": [7.08762, 9.76719, 7.81852],
			"to": [7.08876, 30.17421, 8.18148],
			"rotation": {"angle": -22.5, "axis": "y", "origin": [8, 30.11719, 8]},
			"faces": {
				"north": {"uv": [0, 0, 1, 1], "texture": "#1"},
				"east": {"uv": [0, 0, 1, 1], "texture": "#1"},
				"south": {"uv": [0, 0, 1, 1], "texture": "#1"},
				"west": {"uv": [0, 0, 1, 1], "texture": "#1"},
				"up": {"uv": [0, 0, 1, 1], "texture": "#1"},
				"down": {"uv": [0, 0, 1, 1], "texture": "#1"}
			}
		},
		{
			"name": "hexadecagon",
			"from": [7.08762, 9.76719, 7.81852],
			"to": [7.08876, 30.17421, 8.18148],
			"rotation": {"angle": 0, "axis": "y", "origin": [8, 30.11719, 8]},
			"faces": {
				"north": {"uv": [0, 0, 1, 1], "texture": "#1"},
				"east": {"uv": [0, 0, 1, 1], "texture": "#1"},
				"south": {"uv": [0, 0, 1, 1], "texture": "#1"},
				"west": {"uv": [0, 0, 1, 1], "texture": "#1"},
				"up": {"uv": [0, 0, 1, 1], "texture": "#1"},
				"down": {"uv": [0, 0, 1, 1], "texture": "#1"}
			}
		},
		{
			"name": "hexadecagon",
			"from": [7.08762, 9.76719, 7.81852],
			"to": [7.08876, 30.17421, 8.18148],
			"rotation": {"angle": 22.5, "axis": "y", "origin": [8, 30.11719, 8]},
			"faces": {
				"north": {"uv": [0, 0, 1, 1], "texture": "#1"},
				"east": {"uv": [0, 0, 1, 1], "texture": "#1"},
				"south": {"uv": [0, 0, 1, 1], "texture": "#1"},
				"west": {"uv": [0, 0, 1, 1], "texture": "#1"},
				"up": {"uv": [0, 0, 1, 1], "texture": "#1"},
				"down": {"uv": [0, 0, 1, 1], "texture": "#1"}
			}
		},
		{
			"name": "hexadecagon",
			"from": [8.91124, 9.76719, 7.81852],
			"to": [8.91238, 30.17421, 8.18148],
			"rotation": {"angle": -22.5, "axis": "y", "origin": [8, 30.11719, 8]},
			"faces": {
				"north": {"uv": [0, 0, 1, 1], "texture": "#1"},
				"east": {"uv": [0, 0, 1, 1], "texture": "#1"},
				"south": {"uv": [0, 0, 1, 1], "texture": "#1"},
				"west": {"uv": [0, 0, 1, 1], "texture": "#1"},
				"up": {"uv": [0, 0, 1, 1], "texture": "#1"},
				"down": {"uv": [0, 0, 1, 1], "texture": "#1"}
			}
		},
		{
			"name": "hexadecagon",
			"from": [8.91124, 9.76719, 7.81852],
			"to": [8.91238, 30.17421, 8.18148],
			"rotation": {"angle": 0, "axis": "y", "origin": [8, 30.11719, 8]},
			"faces": {
				"north": {"uv": [0, 0, 1, 1], "texture": "#1"},
				"east": {"uv": [0, 0, 1, 1], "texture": "#1"},
				"south": {"uv": [0, 0, 1, 1], "texture": "#1"},
				"west": {"uv": [0, 0, 1, 1], "texture": "#1"},
				"up": {"uv": [0, 0, 1, 1], "texture": "#1"},
				"down": {"uv": [0, 0, 1, 1], "texture": "#1"}
			}
		},
		{
			"name": "hexadecagon",
			"from": [8.91124, 9.76719, 7.81852],
			"to": [8.91238, 30.17421, 8.18148],
			"rotation": {"angle": 22.5, "axis": "y", "origin": [8, 30.11719, 8]},
			"faces": {
				"north": {"uv": [0, 0, 1, 1], "texture": "#1"},
				"east": {"uv": [0, 0, 1, 1], "texture": "#1"},
				"south": {"uv": [0, 0, 1, 1], "texture": "#1"},
				"west": {"uv": [0, 0, 1, 1], "texture": "#1"},
				"up": {"uv": [0, 0, 1, 1], "texture": "#1"},
				"down": {"uv": [0, 0, 1, 1], "texture": "#1"}
			}
		}
	],
	"display": {
		"thirdperson_righthand": {
			"translation": [0, 0.5, 1.5],
			"scale": [0.85, 0.85, 0.85]
		},
		"thirdperson_lefthand": {
			"translation": [0, 0.5, 1.5],
			"scale": [0.85, 0.85, 0.85]
		},
		"firstperson_righthand": {
			"rotation": [14, 0, 0],
			"translation": [2.25, 0, 0]
		},
		"firstperson_lefthand": {
			"rotation": [14, 0, 0],
			"translation": [2.25, 0, 0]
		},
		"ground": {
			"translation": [0, 2.25, 0],
			"scale": [0.7, 0.7, 0.7]
		},
		"gui": {
			"rotation": [46, 154, -52],
			"translation": [3.5, -3.25, 0],
			"scale": [0.7, 0.7, 0.7]
		},
		"fixed": {
			"translation": [0, -4.75, -1.25]
		}
	},
	"groups": [
		{
			"name": "hexadecagon",
			"origin": [8, 8, 8],
			"children": [0, 1, 2, 3, 4, 5, 6, 7, 8, 9, 10, 11, 12, 13, 14, 15]
		},
		{
			"name": "hexadecagon",
			"origin": [8, 8, 8],
			"children": [16, 17, 18, 19, 20, 21, 22, 23]
		},
		{
			"name": "hexadecagon",
			"origin": [8, 8, 8],
			"children": [24, 25, 26, 27, 28, 29, 30, 31]
		},
		{
			"name": "hexadecagon",
			"origin": [8, 8, 8],
			"children": [32, 33, 34, 35, 36, 37, 38, 39]
		},
		{
			"name": "hexadecagon",
			"origin": [8, 8, 8],
			"children": [40, 41, 42, 43, 44, 45, 46, 47]
		},
		{
			"name": "hexadecagon",
			"origin": [8, 8, 8],
			"children": [48, 49, 50, 51, 52, 53, 54, 55, 56, 57, 58, 59, 60, 61, 62, 63]
		},
		{
			"name": "hexadecagon",
			"origin": [8, 8, 8],
			"children": [64, 65, 66, 67, 68, 69, 70, 71]
		},
		{
			"name": "hexadecagon",
			"origin": [8, 8, 8],
			"children": [72, 73, 74, 75, 76, 77, 78, 79, 80, 81, 82, 83, 84, 85, 86, 87]
		}
	]
}